23/10/2018;VM 1165;2,27;;Si;Femenino;No;;;0,11
23/10/2018;VM 1164;2,85;;Si;Femenino;Si;;;0,49
23/10/2018;VM 1163;2,7;;Si;Femenino;No;;;1,08
23/10/2018;VM 1162;2,55;;Si;Femenino;Si;;;17,45
22/10/2018;VM 1161;2,65;;Si;Femenino;No;;;
22/10/2018;VM 1160;2,5;;Si;Femenino;No;;;
16/10/2018;VM 1159;2;;No;Femenino;Si;120,22;120,666;
16/10/2018;VM 1158;2,3;;Si;Femenino;No;;;
16/10/2018;VM 1157;2,53;;Si;Femenino;No;;;
16/10/2018;VM 1156;2,9;;Si;Femenino;No;;;
16/10/2018;VM 1155;3,35;;Si;Femenino;Si;25,22;33,9285;
11/10/2018;VM 1154;3,4;E2 2 dias;Si;Femenino;No;;;
11/10/2018;VM 1153;2,4;E2 2 dias;Si;Femenino;No;;;
11/10/2018;VM 1152;2,6;;Si;Femenino;Si;;;
5/10/2018;VM 1151;3,35;Sulpirida;Si;Femenino;No;;;0.1
5/10/2018;VM 1150;2,45;Sulpirida;Si;Femenino;No;;;12.26
5/10/2018;VM 1149;2,42;Sulpirida;Si;Femenino;No;;;31.47
5/10/2018;VM 1148;2,65;Sulpirida;Si;Femenino;No;;;49.12 
5/10/2018;VM 1147;2,7;Sulpirida;Si;Femenino;No;;;
5/10/2018;VM 1146;3,1;Sulpirida;Si;Femenino;No;;;0.08
21/9/2018;VM 1145;3;;Si;Femenino;No;;;0,43
21/9/2018;VM 1144;2,45;;Si;Femenino;No;;;0,51
21/9/2018;VM 1143;2,45;;Si;Femenino;No;;;0,16
21/9/2018;VM 1142;2,45;;No;Femenino;Si;;;
18/9/2018;VM 1141;3,5;;No;Femenino;No;;;
13/9/2018;VM 1139;3;;Si;Femenino;No;;;0,38
13/9/2018;VM 1138;3,4;;Si;Femenino;No;;;0,08
13/9/2018;VM 1137;3,4;;Si;Femenino;No;;;0,52
6/9/2018;VM 1136;2,1;OVX;No;Femenino;No;;;
6/9/2018;VM 1135;2,35;OVX + E2 2d;No;Femenino;No;;;
5/9/2018;VM 1134;2,5;;Si;Femenino;No;;;1,07
5/9/2018;VM 1133;2,55;;Si;Femenino;No;;;0,8
5/9/2018;VM 1132;2,82;;Si;Femenino;No;;;6,38
24/7/2018;VM 1131;2,55;;Si;Femenino;Si;89,82;92,91;3,58
24/7/2018;VM 1130;3;;Si;Femenino;Si;101,22;103,3185;9,95
24/7/2018;VM 1129;3,65;;Si;Femenino;Si;89,82;92,91;8,29
24/9/2018;VM 1128;3,6;;Si;Femenino;Si;93,62;96,3795;6,49
4/7/2018;VM 1127;2,9;;Si;Femenino;Si;74,62;79,032;12,54
4/7/2018;VM 1126;2,3;;S;Femenino;No;;;3,82
27/6/2018;VM 1125;3,45;Bromocriptina 0,5mg/kg;Si;Femenino;Si;78,42;82,5015;3.19
27/6/2018;VM 1124;2,85;;No;Femenino;Si;;;12,72
27/6/2018;VM 1123;2,75;;No;Femenino;Si;;;
27/6/2018;VM 1122;2,75;;No;Femenino;Si;;;
20/3/2018;VM 1121;2;;Si;Femenino;No;;;
20/3/2018;VM 1120;2,55;;Si;Femenino;No;;;
20/3/2018;VM 1119 ;1,9;;Si;Femenino;No;;;
15/3/2018;VM 1117;1,81;;Si;Femenino;No;;;
14/3/2018;VM 1115;2,4;OVX + E2 3d;Si;Femenino;No;;;
14/3/2018;VM 1114;1,8;OVX + E2 3d;Si;Femenino;No;;;0,05
14/3/2018;VM 1113;2,45;OVX + E2 3d;Si;Femenino;No;;;
8/3/2018;VM 1112;3,25;OVX (Control);Si;Femenino;No;;;0,2
8/3/2018;VM 1111;2,6;SHAM;Si;Femenino;No;;;0,07
7/3/2018;VM 1110;3,25;SHAM;Si;Femenino;No;;;0,11
7/3/2018;VM 1109;3,05;OVX (Control);No;Femenino;No;;;0,06
16/3/2018;VM 1108;2,5;OVX + E2;No;Femenino;No;;;
23/3/2018;VM 1107;2,25;PMSG+HCG+BRDJ;;Femenino;No;;;
1/3/2018;VM 1106;2,4;;Si;Femenino;No;;;
18/12/2017;VM 1105;2,57;OVX + E2;Si;Femenino;No;;;
18/12/2017;VM 1104;2,9;OVX;Si;Femenino;Si;97,42;99,849;
18/12/2017;VM 1103;3,4;OVX + E2;Si;Femenino;No;;;
12/12/2017;VM 1102;2,05;OVX + E2;Si;Femenino;No;;;
18/12/2017;VM 1101;2,15;OVX + E2;Si;Femenino;No;;;
11/12/2017;VM 1100;2,85;OVX (Control);Si;Femenino;No;;;
19/10/2017;VM 1099;3,15;OVX;Si;Femenino;Si;29,02;37,398;
12/10/2017;VM 1098;3;OVX;Si;Femenino;No;;;
11/10/2017;VM 1097;2,35;OVX;Murió;Femenino;No;;;
19/10/2017;VM 1096;;OVX;Si;Femenino;Si;;;
19/10/2017;VM 1095;2,35;;No;Femenino;Si;;;
19/10/2017;VM 1094;3,5;;No;Femenino;Si;;;
5/10/2017;VM 1093;3,1;Bromocriptina 0,5mg/kg;No;Femenino;No;;;
5/10/2017;VM 1092;2,95;;No;Femenino;No;;;
9/10/2017;VM 1091;2,2;;No;Femenino;Si;;;
27/9/2017;VM 1090;2,9;Murió;Murió;Femenino;No;;;
27/9/2017;VM 1089;2,55;OVX + E2;Si;Femenino;No;;;0.12
27/9/2017;VM 1088;2,9;Bromocriptina 0,5mg/kg;Si;Femenino;Si;84,5;88,0527;15,5
15/9/2017;VM 1087;2,35;Bromocriptina 0,5mg/kg;Si;Femenino;Si;82,22;85,971;
5/9/2017;VM 1086;2,85;Bromocriptina 0,5mg/kg;Si;Femenino;No;;;25,16
5/9/2017;VM 1085;3,15;;Si;Femenino;No;;;0,26
15/9/2017;VM 1084;3,45;;No;Femenino;No;;;
18/9/2017;VM 1083;2,6;;Si;Femenino;No;;;0,26
18/9/2017;VM 1082;2,25;;Si;Femenino;No;;;0,26
18/9/2017;VM 1081;2,75; Sulpirida 7d;Si;Femenino;No;;;
30/8/2017;VM 1080;1,45;Sulpirida 7d;Si;Femenino;No;;;
30/8/2017;VM 1079;2,15;Sulpirida 7d;No;Femenino;No;;;
30/8/2017;VM 1078;3,27;;Si;Femenino;No;;;
30/8/2017;VM 1077;3,3;;Si;Femenino;No;;;
23/8/2017;VM 1075;2,95;;No;Femenino;No;;;
23/8/2017;VM 1074;3;;Si;Femenino;No;;;
16/8/2017;VM 1073;2,75;;Si;Femenino;No;;;
16/8/2017;VM 1072;2,4;;Si;Femenino;No;;;
16/8/2017;VM 1071;3,6;;Si;Femenino;Si;127,82;127,605;
21/7/2017;VM 1070;2,75;;Si;Femenino;No;;;
21/7/2017;VM 1068;2,4;;No;Femenino;No;;;
21/7/2017;VM 1067;3;;Si;Femenino;Si;105,02;106,788;
21/7/2017;VM 1066;3;;Si;Femenino;No;;;
18/7/2017;VM 1065;3,1;BRDV 3d;Si;Femenino;Si;120,22;120,666;
28/6/2017;VM 1064;2,5;;No;Femenino;No;;;
28/6/2001;VM 1063;2,25;HCG;No;Femenino;Si;;;
28/6/2017;VM 1062;2,7;;Si;Femenino;Si;74,62;79,032;
28/6/2017;VM 1061;3,9;;No;Femenino;Si;78,42;82,5015;
23/6/2017;VM 1060;3,3;;Si;Femenino;Si;70,82;75,5625;11,73
23/6/2017;VM 1059;3,5;HCG;Si;Femenino;Si;48,02;54,7455;
23/6/2017;VM 1058;3;HCG;No;Femenino;Si;;;
23/6/2017;VM 1057;3,1;HCG;Si;Femenino;Si;78,42;82,5015;
22/6/2017;VM 1056;2,6;HCG 2d;Si;Femenino;Si;67,02;72,093;
17/5/2017;VM 1055;2,5;HCG 16hs;No;Femenino;No;;;
17/5/2017;VM 1054;2,9;;Si;Femenino;Si;47,26;54,0516;
17/5/2017;VM 1053;2,6;;Si;Femenino;No;;;
17/5/2017;VM 1052;2,3;;Si;Femenino;Si;49,54;56,1333;8,51361517
26/4/2017;VM 1051;2,55;;Si;Femenino;No;;;
26/4/2017;VM 1050;2;;Si;Femenino;Si;;;21,54
26/4/2017;VM 1049;2,2;;Si;Femenino;Si;26,74;35,3163;4,028255216
26/4/2017;VM 1047;2,4;;Si;Femenino;Si;29,02;37,398;0,29
26/4/2017;VM 1045;3,1;;Si;Femenino;Si;29,02;30,459;17,07
26/4/2017;VM 1044;2,45;;Si;Femenino;Si;29,02;30,459;22,59
31/3/2017;VM 1043;1,7;PMSG +HCG;No;Femenino;No;25,22;33,9285;
31/3/2017;VM 1042;3,3;;Si;Femenino;No;;;1,24
31/3/2017;VM 1041;2,87;PMSG +HCG;Si;Femenino;No;;;
31/3/2017;VM 1040;2,75;PMSG +HCG;Si;Femenino;No;;;
31/3/2017;VM 1039;2,9;PMSG +HCG;Si;Femenino;No;;;
28/3/2017;VM 1038;1,6;Sulpirida;Si;Femenino;No;;;
28/3/2017;VM 1037;1,6;Control;Si;Femenino;No;;;1,74
28/3/2017;VM 1036;1,35;Sulpirida;Si;Femenino;No;;;
28/3/2017;VM 1034;1,85;Sulpirida;Si;Femenino;No;;;
28/3/2017;VM 1033;1,5;Control;Si;Femenino;No;;;0,18
28/3/2017;VM 1032;1,55;Sulpirida;Si;Femenino;No;;;
28/3/2017;VM 1031;2,55;Control;Si;Femenino;No;;;0,06
21/3/2017;VM 1030;1,85;Sulpirida;Si;Femenino;No;;;
21/3/2017;VM 1029;2,2;Control;Si;Femenino;No;;;0,07
21/3/2017;VM 1028;2,2;Sulpirida;No;Femenino;No;;;
21/3/2017;VM 1027;1,75;Sulpurida;Si;Femenino;No;;;
21/3/2017;VM 1026;3,25;PMSG;No;Femenino;No;;;
22/2/2017;VM 1025;3,1;PMSG;No;Femenino;No;;;
22/2/2017;VM 1024;2,7;Control;Si;Femenino;No;;;0,07
27/3/2017;VM 1022;2,5;PMSG 2d y descanso;No;Femenino;No;;;
17/2/2017;VM 1021;3,55;;Si;Femenino;Si;105,02;30,459;5,77381669
13/2/2017;VM 1020;3,35;;Si;Femenino;Si;110,34;30,459;8,457046507
29/11/2016;VM 1017;2,6;;Si;Femenino;Si;;;
29/11/2016;VM 1016;2,3;;Si;Femenino;No;;;1,15
29/11/2016;VM 1015;2,5;;Si;Femenino;No;;;0,48
31/10/2016;VM 1013;4,15;;Si;Femenino;Si;63,22;68,6235;13,37427831
31/10/2016;VM 1012;3,75;;Si;Femenino;Si;;;
31/10/2016;VM 1011;3,3;;Si;Femenino;Si;;;
31/10/2016;VM 1010;2,1;;SI;Femenino;Si;;;
24/10/2016;VM 1009;3,5;;Si;Femenino;Si;;;
24/10/2016;VM 1008;2,3;;Si;Femenino;Si;;;0,56
24/10/2016;VM 1007;2,2;;Si;Femenino;Si;25,22;33,9285;31,09
24/10/2016;VM 1006;2,15;;Si;Femenino;Si;;;19,68
24/10/2016;VM 1005;3,4;;Si;Femenino;No;;;
12/10/2016;VM 1004;2,8;;Si;Femenino;Si;51,82;58,215;13,62173483
12/10/2016;VM 1003;2,69;;Si;Femenino;No;;;
11/10/2016;VM 1000;2,5;PMSG 2d;Si;Femenino;No;;;
4/10/2016;VM 999;2,5;;Si;Femenino;No;;;
3/10/2016;VM 998;3,2;;Si;Femenino;Si;;;
3/10/2016;VM 997;2,65;Sulpirida + PMSG + HCG;Si;Femenino;No;;;
3/10/2016;VM 996;1,75;Sulpirida + PMSG + HCG;Si;Femenino;No;;;
3/10/2016;VM 995;2,6;PMSG 2 dosis preguntar;Si;Femenino;No;;;
3/10/2016;VM 994;2,8;PMSG 2 dosis preguntar;Si;Femenino;No;;;
26/9/2016;VM 992;2,6;;No;Femenino;No;;;
12/9/2016;VM 982;1,8;PMSG 2d Sac 7 d;Si;Femenino;No;;;
12/9/2016;VM 981;2,13;PMSG 2d Sac 7 d;No;Femenino;No;;;
12/9/2016;VM 980;1,85;PMSG 2d Sac 7 d;Si;Femenino;No;;;
6/9/2016;VM 978;2,1;;Si;Femenino;No;;;3,9
6/9/2016;VM 977;3,4;;Si;Femenino;No;;;
6/9/2016;VM 976;3,1;;Si;Femenino;No;;;
6/9/2016;VM 975;2,6;;Si;Femenino;No;;;
6/9/2016;VM 974;2,75;;Si;Femenino;No;;;
26/8/2016;VM 969;3,75;;Si;Femenino;No;;;
19/8/2016;VM 968;2,05;;Si;Femenino;No;;;
19/8/2016;VM 967;2,6;;Si;Femenino;Si;162,78;159,5244;12,42859666
19/8/2016;VM 965;2,9;;Si;Femenino;Si;127,82;127,605;9,519414391
19/8/2016;VM 964;3,55;;Si;Femenino;Si;127,82;127,605;3,968282309
13/7/2016;VM 962;3,2;;No;Femenino;Si;93,62;96,3795;
13/7/2016;VM 961;2,6;;Si;Femenino;Si;101,22;103,3185;10,71523614
13/7/2016;VM 960;3,3;;Si;Femenino;Si;101,22;103,3185;11,54978321
13/7/2016;VM 959;3,65;;Si;Femenino;Si;97,42;99,849;19,10595373
13/7/2016;VM 958;3,3;;Si;Femenino;Si;101,22;103,3185;14,2724818
1/7/2016;VM 957;3,75;;Si;Femenino;Si;81,46;85,2771;14,36794955
1/7/2016;VM 956;2,9;;Si;Femenino;Si;82,22;30,459;5,250552627
1/7/2016;VM 955;2,8;;No;Femenino;Si;;;
1/7/2016;VM 954;3,48;;Si;Femenino;Si;85,26;88,7466;14,46405587
1/7/2016;VM 953;3,58;;Si;Femenino;Si;82,22;85,971;14,73167592
20/5/2016;VM 952;3,1;;Si;Femenino;Si;;;
20/5/2016;VM 951;2,8;;Si;Femenino;Si;51,82;58,215;10,59095145
20/5/2016;VM 950;3,5;;Si;Femenino;Si;48,02;54,7455;8,071451529
20/5/2016;VM 949;2,95;;Si;Femenino;Si;44,22;51,276;10,93169827
11/5/2016;VM 947;2,9;;Si;Femenino;Si;;;
11/5/2016;VM 946;3,1;;Si;Femenino;Si;;;
11/5/2016;VM 945;3,2;;Si;Femenino;No;;;
11/5/2016;VM 944;2,7;;Si;Femenino;Si;;;
11/5/2016;VM 943;2,5;;Si;Femenino;si;;;
9/4/2016;VM 941;3,3;;Si;Femenino;Si;36,62;44,337;15,61658254
9/4/2016;VM 940;2,5;;Si;Femenino;Si;36,62;44,337;25,96284991
9/4/2016;VM 939;2,2;;Si;Femenino;Si;32,82;40,8675;13,24120202
6/5/2016;VM 938;2,85;;No;Femenino;Si;;;
6/5/2016;VM 937;3,25;;Si;Femenino;Si;;;
6/5/2016;VM 936;3,15;;Si;Femenino;Si;;;
28/4/2016;VM 934;1,75;;No;Femenino;Si;;;
28/4/2016;VM 933;2,9;;Si;Femenino;Si;;;
12/4/2016;VM 932;2,5;;Si;Femenino;Si;;;
12/4/2016;VM 931;2,5;;Si;Femenino;Si;21,42;30,459;33,55994804
12/4/2016;VM 930;3,45;;Si;Femenino;Si;;;
12/4/2016;VM 929;2,8;;Si;Femenino;No;;;
12/4/2016;VM 928;3,1;;No;Femenino;No;;;
12/4/2016;VM 927;3,3;;Si;Femenino;Si;;;
12/4/2016;VM 926;3,3;;Si;Femenino;No;;;
12/4/2016;VM 925;2,4;;Si;Femenino;No;;;
7/4/2016;VM 923;2,8;;Si;Femenino;No;;;
7/4/2016;VM 922;3;;Si;Femenino;Si;;;
7/4/2016;VM 921;3,3;;Si;Femenino;Si;;;
7/4/2016;VM 920 (bis);3,15;;Si;Femenino;No;;;
5/4/2016;VM 919;2,5;;Si;Femenino;No;;;
5/4/2016;VM 918;2,83;;Si;Femenino;No;;;
5/4/2016;VM 917;2,75;;Si;Femenino;No;;;
5/4/2016;VM 916;3,05;;Si;Femenino;Si;;;
22/3/2016;VM 915;1,9;;No;Femenino;No;;;
22/3/2016;VM 914;2,55;PMSG + HCG;No;Femenino;No;;;
22/3/2016;VM 913;2,25;PMSG + HCG;No;Femenino;No;;;
22/3/2016;VM 912;2,2;;No;Femenino;No;;;
22/3/2016;VM 911;2,4;PMSG 3d + HCG 1d;No;Femenino;No;;;
15/3/2016;VM 910;1,95;PMSG 3d + HCG 1d;No;Femenino;No;;;
15/3/2016;VM 909;2,95;PMSG 3d + HCG 1d;No;Femenino;No;;;
15/3/2016;VM 908;2,15;PMSG 3d + HCG 1d;No;Femenino;No;;;
15/3/2016;VM 907;1,78;PMSG 3d + HCG 1d;No;Femenino;No;;;
15/3/2016;VM 906;2,3;PMSG 3d + HCG 1d;No;Femenino;No;;;
15/3/2016;VM 905;1,75;PMSG 3d + HCG 1d;No;Femenino;No;;;
5/4/2016;VM 904;2,85;PMSG + HCG ;Si;Femenino;Si;;;
5/4/2016;VM 903;2,85;PMSG + HCG ;Si;Femenino;No;;;
29/3/2016;VM 902;2,95;;Si;Femenino;No;;;
31/3/2016;VM 901;2,95;;Si;Femenino;No;;;
31/3/2016;VM 900;2,5;;No;Femenino;Si;29,02;37,398;
31/3/2016;VM 899;2,8;NPO;No;Femenino;No;;;
31/3/2016;VM 898;2,6;PMSG + HCG ;Si;Femenino;Si;;;
31/3/2016;VM 897;2,7;PMSG + HCG ;Si;Femenino;Si;27,5;36,0102;
29/3/2016;VM 896;2,85;PMSG + HCG ;Si;Femenino;No;;;
29/3/2016;VM 893;2,35;PMSG + HCG ;Si;Femenino;No;;;
29/3/2016;VM 892;2,4;PMSG + HCG ;Si;Femenino;No;;;
29/3/2016;VM 891;2,4;PMSG + HCG ;Si;Femenino;No;;;
29/3/2016;VM 890;2,6;Látex;No;Femenino;No;;;
29/3/2016;VM 889;3,6;;Si;Femenino;Si;120,22;120,666;3,387187734
25/11/2015;VM 876;2,1;;Si;Femenino;No;;;1,05
25/11/2015;VM 875;2;;Si;Femenino;No;;;12,27
25/11/2015;VM 874;2;;Si;Femenino;No;;;10,93
18/11/2015;VM 873;2,15;;Si;Femenino;Si;29,02;37,398;
18/11/2015;VM 872;3,1;;Si;Femenino;Si;44,22;51,276;19,04237324
18/11/2015;VM 871;3,2;;No;Femenino;No;;;0,72
18/11/2015;VM 870;2,45;;Si;Femenino;Si;36,62;44,337;
12/11/2015;VM 868;2,2;;Si;Femenino;Si;;;
12/11/2015;VM 867;2;;Si;Femenino;No;;;4
12/11/2015;VM 866;3,25;;Si;Femenino;Si;;;
11/11/2015;VM 865;2,4;SC Fisio;Si;Femenino;Si;;;
11/11/2015;VM 864;2,25;SC Fisio;Si;Femenino;No;;;0,52
11/11/2015;VM 863;2,5;;No;Femenino;Si;;;
5/11/2015;VM 861;2,2;;Si;Femenino;No;;;
5/11/2015;VM 860;2,1;;Si;Femenino;No;;;
3/11/2015;VM 859;2,7;15 d oscuridad;Si;Femenino;Si;;;
3/11/2015;VM 858;2;15 d oscuridad;No;Femenino;Si;27,5;36,0102;
3/11/2015;VM 857;2,75;15 d oscuridad;Si;Femenino;No;;;
3/11/2015;VM 856;2,58;15 d oscuridad;No;Femenino;No;;;
3/11/2015;VM 855;2,85;15 d oscuridad;No;Femenino;No;;;
29/10/2015;VM 854;2,45;preguntar;Si;Femenino;No;;;
29/10/2015;VM 853;2,4;preguntar;Si;Femenino;No;;;
29/10/2015;VM 852;2,5;preguntar;Si;Femenino;No;;;
29/10/2015;VM 851;2,8;preguntar;No;Femenino;Si;;;
29/10/2015;VM 850;4,15;;Si;Femenino;Si;38,9;46,4187;9,5671307
29/10/2015;VM 848;3,6;;No;Femenino;No;;;
29/10/2015;VM 847;3,75;;Si;Femenino;Si;;;
21/10/2015;VM 846;3,05;;Si;Femenino;No;;;
21/10/2015;VM 845;3,15;;Si;Femenino;No;;;
20/10/2015;VM 842;2,2;;Si;Femenino;No;;;
20/10/2015;VM 841;2,1;preguntar;No;Femenino;No;;;
20/10/2015;VM 840;2,85;preguntar;Si;Femenino;No;;;
20/10/2015;VM 839;3,1;Luz + PMSG + HCG;Si;Femenino;Si;;;
20/10/2015;VM 838;2,5;Luz + PMSG + HCG;Si;Femenino;No;;;
20/10/2015;VM 837;1,8;Luz + PMSG + HCG;Si;Femenino;No;;;
6/10/2015;VM 836;1,1;;Si;Femenino;No;;;
6/10/2015;VM 835;2,8;;Si;Femenino;Si;;;
6/10/2015;VM 834;1,8;;Si;Femenino;No;;;
6/10/2015;VM 833;2,15;;Si;Femenino;No;;;
6/10/2015;VM 832;2,1;;Si;Femenino;No;;;
6/10/2015;VM 831;2,4;;No;Femenino;No;;;
5/10/2015;VM 830;2;PMSG + HCG (15 d);No;Femenino;No;;;
5/10/2015;VM 829;2,9;;Si;Femenino;No;;;3,27
29/9/2015;VM 827;;;No;Femenino;No;;;
5/10/2015;VM 826;2,55;;Si;Femenino;No;;;2,41
29/9/2015;VM 825;;Inseminación VM 820 + HCG +PMSG;Si;Femenino;No;;;9,18
5/10/2015;VM 824;2,9;Inseminación VM 822 + HCG +PMSG;Si;Femenino;No;;;28,45
22/9/2015;VM 819;2,3;PMSG +HCG;Si;Femenino;No;;;
22/9/2015;VM 818;2,85;PMSG + HCG;Si;Femenino;No;;;
22/9/2015;VM 817;2,45;PMSG + HCG;Si;Femenino;No;;;
22/9/2015;VM 816;1,5;PMSG + HCG;Si;Femenino;No;;;
22/9/2015;VM 815;2,5;PMSG + HCG;Si;Femenino;No;;;
15/9/2015;VM 814;1,9;;Si;Femenino;No;;;2,16
15/9/2015;VM 813;2,65;;Si;Femenino;No;;;3,81
15/9/2015;VM 812;2;PMSG + HCG;Si;Femenino;No;;;
15/9/2015;VM 811;2,82;PMSG + HCG;Si;Femenino;No;;;
15/9/2015;VM 810;1,8;PMSG + HCG;Si;Femenino;No;;;
8/9/2015;VM 809;1,35;;Si;Femenino;No;;;0,09
8/9/2015;VM 808;2,15;;Si;Femenino;No;;;0,16
8/9/2015;VM 807;1,85;;Si;Femenino;Si;49,54;56,1333;1,49
1/9/2015;VM 799;3;;Si;Femenino;No;;;
1/9/2015;VM 798;2,4;;Si;Femenino;No;;;
1/9/2015;VM 797;3,95;;Si;Femenino;No;;;6,34
25/8/2015;VM 795;3,75;;Si;Femenino;Si;59,42;65,154;15,82619798
25/8/2015;VM 794;3,2;;Si;Femenino;No;;;
25/8/2015;VM 793;3,65;;Si;Femenino;Si;;;2,54
25/8/2015;VM 792;2,85;;Si;Femenino;No;;;6,05
25/8/2015;VM 791;2,8;;Si;Femenino;No;;;0,74
11/8/2015;VM 790;2,85;;Si;Femenino;No;;;0,07
11/8/2015;VM 789;2,55;;Si;Femenino;Si;127,82;127,605;0,98
11/8/2015;VM 788;3,25;;Si;Femenino;Si;44,22;51,276;1,051271096
11/8/2015;VM 787;3,2;;Si;Femenino;No;;;
4/8/2015;VM 786;3,3;;No;Femenino;Si;131,62;131,0745;3,33
4/8/2015;VM 785;3,1;;Si;Femenino;Si;120,22;120,666;11,54978321
4/8/2015;VM 784;3,75;;Si;Femenino;Si;127,82;127,605;1,49
4/8/2015;VM 783;3,75;;Si;Femenino;Si;135,42;134,544;9,330917
28/7/2015;VM 782;2,6;;Si;Femenino;Si;;;
28/7/2015;VM 781;2,1;;Si;Femenino;Si;;;12,08
28/7/2015;VM 780;3,2;;No;Femenino;Si;;;
28/7/2015;VM 779;2,8;;No;Femenino;Si;;;
21/7/2015;VM 778;3,2;;Si;Femenino;Si;135,42;134,544;1,62
21/7/2015;VM 777;3,45;;Si;Femenino;Si;108,82;110,2575;7,677802
21/7/2015;VM 776;2,8;;Si;Femenino;Si;105,02;106,788;4,78
21/7/2015;VM 775;3,15;;Si;Femenino;Si;;;2,55
16/7/2015;VM 774;3,65;;Si;Femenino;Si;108,82;110,2575;15,51282
16/7/2015;VM 773;3,75;;Si;Femenino;Si;105,02;106,788;9,86
16/7/2015;VM 772;3,12;;No;Femenino;Si;;;
16/7/2015;VM 771;2,9;;Si;Femenino;Si;;;
7/7/2015;VM 769;3;;Si;Femenino;Si;55,62;61,6845;8,61
7/7/2015;VM 768;3,85;;Si;Femenino;Si;89,82;92,91;3,7
7/7/2015;VM 767;3,9;;Si;Femenino;Si;89,82;92,91;9,8
7/7/2015;VM 766;2,18;;Si;Femenino;No;;;6,34
7/7/2015;VM 765;1,24;;Si;Femenino;No;;;
3/7/2015;VM 764;3,5;;Si;Femenino;Si;89,82;92,91;4,59
3/7/2015;VM 763;3,35;;Si;Femenino;Si;112,62;113,727;17,28778184
3/7/2015;VM 762;3;;Si;Femenino;No;;;
3/7/2015;VM 761;1,35;;Si;Femenino;No;;;
3/7/2015;VM 760;3,45;;Si;Femenino;Si;105,02;106,788;13,10944986
3/7/2015;VM 759;4,25;;Si;Femenino;Si;101,22;103,3185;2,74
10/6/2015;VM 758;2,3;;Si;Femenino;No;;;
10/6/2015;VM 757;3,3;;Si;Femenino;No;;;
10/6/2015;VM 756;2,55;;Si;Femenino;Si;63,22;68,6235;1,26
10/6/2015;VM 754;2,55;;Si;Femenino;Si;63,22;68,6235;11,05998161
4/6/2015;VM 752;2,95;;Si;Femenino;Si;54,1;60,2967;12,78577639
4/6/2015;VM 751;3,45;;Si;Femenino;No;;;
4/6/2015;VM 750;3,4;;Si;Femenino;Si;54,1;60,2967;19,52443322
4/6/2015;VM 749;1,12;;No;Femenino;No;;;
4/6/2015;VM 748;3,35;;Si;Femenino;Si;55,62;61,6845;10,36394891
4/6/2015;VM 747;3,1;;Si;Femenino;No;;;
18/5/2015;VM 746;3,25;;No;Femenino;No;;;
18/5/2015;VM 745;3,6;;Si;Femenino;Si;;;14,94
18/5/2015;VM 744;3,7;;Si;Femenino;Si;35,1;42,9492;23,8
18/5/2015;VM 743;3,1;;Si;Femenino;Si;38,14;45,7248;6,89
18/5/2015;VM 742;3,32;;Si;Femenino;Si;33,58;41,5614;
18/5/2015;VM 741;2,9;;Si;Femenino;Si;39,66;47,1126;
7/5/2015;VM 738;1,8;;Si;Femenino;Si;;;
7/5/2015;VM 737;3,1;;Si;Femenino;Si;34,34;42,2553;4,91
7/5/2015;VM 736;3,2;;Si;Femenino;No;;;0,09
7/5/2015;VM 735;1,95;;Si;Femenino;Si;;;5,51
7/5/2015;VM 734;2,25;;Si;Femenino;No;;;
7/5/2015;VM 733;2,9;;Si;Femenino;Si;;;
28/4/2015;VM 732;3;;Si;Femenino;Si;;;14,98
28/4/2015;VM 731;2,65;;Si;Femenino;Si;;;27,78
28/4/2015;VM 730;2,6;;Si;Femenino;No;;;0,02
13/4/2015;VM 729;1,7;;Si;Femenino;No;;;
13/4/2015;VM 728;2,2;;Si;Femenino;Si;29,02;37,398;0,54
13/4/2015;VM 727;3,3;;Si;Femenino;No;;;
13/4/2015;VM 726;3,9;;Si;Femenino;No;;;
7/4/2015;VM 725;2,6;;No;Femenino;No;;;
7/4/2015;VM 724;3,3;;No;Femenino;Si;30,54;38,7858;
7/4/2015;VM 723;3,2;;No;Femenino;Si;;;
7/4/2015;VM 722;2,5;;No;Femenino;No;;;
7/4/2015;VM 721;2,2;;No;Femenino;No;;;
7/4/2015;VM 720;2,9;PMSG + HCG;Si;Femenino;Si;36,62;40,8675;
7/4/2015;VM 719;2;PMSG + HCG;Si;Femenino;Si;;;
7/4/2015;VM 718;1,77;PMSG + HCG;Si;Femenino;No;;;
7/4/2015;VM 717;2,4;PMSG + HCG;Si;Femenino;Si;25,22;33,9285;
7/4/2015;VM 716;1,3;PMSG + HCG;Si;Femenino;No;;;
7/4/2015;VM 715;2,3;PMSG + HCG;Si;Femenino;No;;;
7/4/2015;VM 714;2,4;PMSG + HCG;Si;Femenino;No;;;
31/3/2015;VM 713;3,2;PMSG + HCG;Si;Femenino;No;;;
31/3/2015;VM 712;2,94;PMSG + HCG;Si;Femenino;No;;;
31/3/2015;VM 711;3;PMSG + HCG;Si;Femenino;Si;;;
31/3/2015;VM 710;2,65;PMSG + HCG;Si;Femenino;Si;;;
31/3/2015;VM 709;3,45;PMSG + HCG;Si;Femenino;No;;;
31/3/2015;VM 707;2,4;PMSG + HCG;Si;Femenino;Si;;;
25/3/2015;VM 706;2,65;PMSG + HCG;Si;Femenino;Si;;;
25/3/2015;VM 705;2,05;PMSG + HCG;Si;Femenino;Si;;;
25/3/2015;VM 704;3,15;PMSG + HCG;;Femenino;No;;;
25/3/2015;VM 703;3,05;PMSG + HCG;Si;Femenino;Si;;;
25/3/2015;VM 702;1,55;PMSG + HCG;;Femenino;Si;;;
17/3/2015;VM 700;3;PMSG + HCG;Si;Femenino;No;;;
17/3/2015;VM 699;2,1;PMSG + HCG;Si;Femenino;No;;;
17/3/2015;VM 698;2,6;PMSG + HCG;;Femenino;Si;;;
17/3/2015;VM 697;3,2;PMSG + HCG;;Femenino;Si;;;
17/3/2015;VM 696;1,85;PMSG + HCG;;Femenino;No;;;
17/3/2015;VM 695;2;PMSG + HCG;;Femenino;No;;;
17/3/2015;VM 694;3;PMSG + HCG;;Femenino;No;;;
17/3/2015;VM 693;1,85;PMSG + HCG;Si;Femenino;No;;;
23/2/2015;VM 692;2,8;;No;Femenino;No;;;
23/2/2015;VM 691;3,35;;No;Femenino;No;;;
23/2/2015;VM 690;2,6;;Si;Femenino;No;;;1,23
23/2/2015;VM 689;2,8;;No;Femenino;No;;;
16/12/2014;VM 688;3,2;;No;Femenino;Si;61,7;67,2357;
16/12/2014;VM 687;2,85;;No;Femenino;Si;93,24;96,03255;
16/12/2014;VM 686;3,05;;Si;Femenino;No;;;0,73
16/12/2014;VM 685;2,28;;Si;Femenino;No;;;
30/10/2014;VM 684;3;;No;Femenino;Si;;;
30/10/2014;VM 683;1,6;;Si;Femenino;No;;;
30/10/2014;VM 682;3,1;;No;Femenino;No;;;
30/10/2014;VM 681;3,2;;Si;Femenino;Si;;;
30/10/2014;VM 680;3,45;;Si;Femenino;Si;;;
30/10/2014;VM 679;1,5;PMSG + HCG;Si;Femenino;No;;;
30/10/2014;VM 678;1,8;PMSG + HCG;Si;Femenino;No;;;
9/10/2014;VM 677;3,5;eCG + Ovusyn;No;Femenino;Si;;;
9/10/2014;VM 676;2,75;Progesterona;No;Femenino;No;;;
9/10/2014;VM 675;2,25;Estrógenos;No;Femenino;No;;;
2/10/2014;VM 674;2,25;;Si;Femenino;No;;;4,59
2/10/2014;VM 673;0,75;;Si;Femenino;No;;;
1/10/2014;VM 672;1,5;;No;Femenino;No;;;
1/10/2014;VM 671;3,2;;No;Femenino;Si;;;
26/9/2014;VM 670;1,55;PMSG + HCG;No;Femenino;No;;;
26/9/2014;VM 669;2,45;PMSG + HCG + Oscuridad 15 d;No;Femenino;No;;;
26/9/2014;VM 668;2,27;PMSG + HCG + Oscuridad 15 d;No;Femenino;No;;;
26/9/2014;VM 667;2,5;PMSG + HCG + Oscuridad 15 d;No;Femenino;No;;;
26/9/2014;VM 666;2,9;PMSG + HCG + Oscuridad 15 d;No;Femenino;No;;;
23/8/2014;VM 665;2,25;PMSG + HCG ;No;Femenino;No;;;
23/8/2014;VM 664;2,25;;Si;Femenino;No;;;8.697
11/9/2014;VM 663;2,25;Iluminación continua 14 d con PMSG + HCG;No;Femenino;No;;;
11/9/2014;VM 662;2,45;Iluminación continua 14 d con PMSG + HCG;No;Femenino;No;;;
11/9/2014;VM 661;3;Iluminación continua 14 d con PMSG + HCG;No;Femenino;Si;;;
11/9/2014;VM 660;2,18;Iluminación continua 14 d con PMSG + HCG;No;Femenino;No;;;
11/9/2014;VM 659;2,4;Iluminación continua 14 d con PMSG + HCG;No;Femenino;No;;;
11/9/2014;VM 658;3,2;;No;Femenino;No;;;7,58
11/9/2014;VM 657;1,85; PMSG + HCG;No;Femenino;No;;;
5/9/2014;VM 656;2,85; PMSG + HCG + E2 5 d;Si;Femenino;Si;;;
5/9/2014;VM 655;2,4; PMSG + HCG + PG 5d;Si;Femenino;No;;;
5/9/2014;VM 654;2,7; PMSG + HCG + PG 5d;Si;Femenino;No;;;
5/9/2014;VM 653;2,4;PMSG + HCG + E2 5d;Si;Femenino;Si;;;
5/9/2014;VM 652;2,9;PMSG + HCG + E2 5d;No;Femenino;Si;;;
5/9/2014;VM 651;2,75;PMSG + HCG + Pg 5d;Si;Femenino;No;;;
5/9/2014;VM 650;2,45;PMSG + HCG + Pg 5d;Si;Femenino;No;;;
5/9/2014;VM 649;2,4;;Si;Femenino;No;;;22,08
5/9/2014;VM 648;1,77;PMSG + HCG;Si;Femenino;Si;;;
1/8/2014;VM 647;;;No;Femenino;No;;;
1/8/2014;VM 646;;;No;Femenino;No;;;
1/8/2014;VM 645;;;No;Femenino;No;;;
1/8/2014;VM 642;2,6;;No;Femenino;No;;;5,33
1/8/2014;VM 641;3,27;;Si;Femenino;Si;;;
1/8/2014;VM 640;2,24;;No;Femenino;No;;;0,61
31/7/2014;VM 639;2,3;;Si;Femenino;Si;124,02;124,1355;
31/7/2014;VM 638;3,1;;No;Femenino;No;;;
31/7/2014;VM 637;3,2;;No;Femenino;No;;;
31/7/2014;VM 636;3,36;;No;Femenino;Si;131,62;131,0745;
31/7/2014;VM 635;3,85;;No;Femenino;Si;127,82;127,605;
12/6/2014;VM 634;3,3;;No;Femenino;Si;;;
12/6/2014;VM 633;2,2;;No;Femenino;Si;;;
12/6/2014;VM 632;3,9;;No;Femenino;Si;76,14;80,4198;
12/6/2014;VM 631;3,3;;No;Femenino;Si;;;
12/6/2014;VM 630;2,9;;No;Femenino;Si;;;
12/6/2014;VM 629;3,3;;No;Femenino;Si;73,1;76,9503;
12/6/2014;VM 628;2,65;;No;Femenino;Si;67,78;70,7052;
12/6/2014;VM 627;2,75;;No;Femenino;Si;74,62;79,032;
12/6/2014;VM 626;3,7;;No;Femenino;Si;73,1;77,6442;
12/6/2014;VM 625;3,8;;No;Femenino;Si;82,22;85,971;
29/4/2014;VM 624;2,85;PMSG + HCG;;Femenino;Si;36,62;44,337;
29/4/2014;VM 623;;;;;No;;;
29/4/2014;VM 622;3,1;PMSG + HCG;;Femenino;Si;;;
29/4/2014;VM 621;2;PMSG + HCG;;Femenino;Si;38,9;46,4187;
29/4/2014;VM 620;1,6;PMSG + HCG;;Femenino;Si;;;
29/4/2014;VM 619;2,8;PMSG + HCG;;Femenino;Si;;;
29/4/2014;VM 618;2;PMSG + HCG;;Femenino;Si;;;
29/4/2014;VM 617;2,25;PMSG + HCG;;Femenino;Si;;;
22/4/2014;VM 615;3,15;PMSG + HCG;;Femenino;Si;;;
22/4/2014;VM 614;3,45;PMSG + HCG;;Femenino;No;;;
22/4/2014;VM 613;2,4;PMSG + HCG;;Femenino;No;;;
22/4/2014;VM 612;2,6;PMSG + HCG;;Femenino;No;;;
22/4/2014;VM 611;2;PMSG + HCG;;Femenino;Si;;;
11/4/2014;VM 610;1,05;;;Femenino;No;;;
11/4/2014;VM 609;1,19;PMSG + HCG;;Femenino;No;;;
11/4/2014;VM 608;1,35;PMSG + HCG;;Femenino;No;;;
11/4/2014;VM 607;2;PMSG + HCG;;Femenino;Si;;;
11/4/2014;VM 606;2,1;PMSG + HCG;;Femenino;Si;;;
11/4/2014;VM 605;1,93;PMSG + HCG;;Femenino;Si;;;
11/4/2014;VM 604;2,1;PMSG + HCG;;Femenino;Si;;;
27/3/2014;VM 603;1,38;PMSG + HCG;;Femenino;No;;;
27/3/2014;VM 602;3,25;PMSG + HCG;;Femenino;No;;;
27/3/2014;VM 601;2,85;PMSG + HCG;;Femenino;Si;;;
27/3/2014;VM 600;2,65;PMSG + HCG;;Femenino;No;;;
27/3/2014;VM 599;3,15;PMSG + HCG;;Femenino;Si;;;
27/3/2014;VM 598;3,6;PMSG + HCG;;Femenino;Si;;;
27/3/2014;VM 597;3,15;PMSG + HCG;;Femenino;No;;;
11/12/2013;VM 596;2,4;;Si;Femenino;No;;;
11/12/2013;VM 595;1,25;;Si;Femenino;No;;;
11/12/2013;VM 594;3;;Si;Femenino;Si;;;
11/12/2013;VM 593;3,2;;Si;Femenino;Si;;;5,25
11/12/2013;VM 592;3,35;;Si;Femenino;Si;67,02;72,093;
11/12/2013;VM 591;3,9;;Si;Femenino;Si;;;
11/12/2013;VM 590;3,3;;Si;Femenino;Si;;;4,55
16/10/2013;VM 588;3,05;Luz 15d;Si;Femenino;No;;;
16/10/2013;VM 587;2,2;Luz 15d;Si;Femenino;No;;;
16/10/2013;VM 586;2,4;Luz 15d;Si;Femenino;No;;;
16/10/2013;VM 585;2,4;Luz 15d;Si;Femenino;Si;;;
16/10/2013;VM 584;2,7;Luz 15d;Si;Femenino;No;;;
16/10/2013;VM 583;1,65;Luz 19d;Si;Femenino;No;;;
15/10/2013;VM 582;3,25;Oscuridad ;Si;Femenino;No;;;
15/10/2013;VM 581;2,7;Oscuridad ;Si;Femenino;No;;;
15/10/2013;VM 580;2,9;Oscuridad ;;Femenino;No;;;
15/10/2013;VM 579;3,2;Oscuridad ;Si;Femenino;No;;;
15/10/2013;VM 578;1,9;Oscuridad ;Si;Femenino;No;;;
15/10/2013;VM 577;2,25;Oscuridad ;;Femenino;No;;;
27/9/2013;VM 576;2,3;OVX (Control);;Femenino;No;;;0,15
27/9/2013;VM 575;2,5;OVX (Control);Si;Femenino;No;;;0,1
27/9/2013;VM 574;3,25;OVX (Control);Si;Femenino;No;;;0,24
27/9/2013;VM 573;2,25;OVX (Control);Si;Femenino;No;;;1,1
20/9/2013;VM 572;2,6; Shaw de OVX (9/9);;Femenino;No;;;
20/9/2013;VM 571;2,3;Shaw de OVX (9/9);;Femenino;No;;;
20/9/2013;VM 570;2,6;Shaw de OVX (9/9);;Femenino;No;;;
20/9/2013;VM 569;2,7;OVX (9/9) + E2;;Femenino;No;;;
20/9/2013;VM 568;2,25;OVX (9/9) + E2;;Femenino;No;;;
20/9/2013;VM 567;2,15;OVX (9/9) + E2;;Femenino;No;;;
20/9/2013;VM 566;1,95;OVX + Pg;;Femenino;No;;;
20/9/2013;VM 565;2,5;OVX + Pg;;Femenino;No;;;
17/9/2013;VM 564;3,2;;Si;Femenino;No;;;
17/9/2013;VM 563;2,2;;Si;Femenino;No;;;
3/9/2013;VM 562;2,8;PMSG + HCG;Si;Femenino;No;;;
3/9/2013;VM 561;2,9;PMSG + HCG;Si;Femenino;No;;;
3/9/2013;VM 560;3;PMSG + HCG;Si;Femenino;No;;;
9/8/2013;VM 552;3,6;;;Femenino;Si;135,42;134,544;1,44
9/8/2013;VM 551;3,25;;;Femenino;No;;;1,8
9/8/2013;VM 550;4;;;Femenino;Si;139,22;138,0135;0,91
9/8/2013;VM 547;3,4;;Si;Femenino;Si;127,82;127,605;0,96
9/8/2013;VM 546;4;;Si;Femenino;Si;135,42;134,544;1,37
9/8/2013;VM 545;4;;Si;Femenino;Si;;;3,58
25/7/2013;VM 543;3;;;Femenino;Si;112,62;113,727;
25/7/2013;VM 542;2,3;;;Femenino;No;;;
22/4/2013;VM 536;3,3;;;Femenino;Si;;;6,05
22/4/2013;VM 535;3,15;;;Femenino;Si;;;9,37
22/4/2013;VM 534;3,65;;;Femenino;Si;36,62;44,337;4,14
22/4/2013;VM 533;3,45;;Si;Femenino;Si;;;6,35
22/4/2013;VM 532;3,15;;Si;Femenino;Si;30,54;38,7858;2,17
22/4/2013;VM 531;2,65;PMSG + HCG;Si;Femenino;No;;;
22/4/2013;VM 530;2,5;PMSG + HCG;Si;Femenino;No;;;
18/4/2013;VM 529;3,25;;;Femenino;Si;26,74;35,3163;2,82
18/4/2013;VM 528;3,3;;SI;Femenino;Si;30,54;38,7858;11,78
18/4/2013;VM 527;3,2;;Si;Femenino;Si;;;1,69
18/4/2013;VM 526;3,74;;;Femenino;Si;30,54;38,7858;10,35
18/4/2013;VM 525;2,76;;;Femenino;No;;;0,18
18/4/2013;VM 524;1,91;;Si;Femenino;No;;;1,7
18/4/2013;VM 523;1,8;;Si;Femenino;No;;;0,12
15/4/2013;VM 522;2,85;;Si;Femenino;Si;;;21,41
15/4/2013;VM 521;3,6;PMSG + HCG;Si;Femenino;No;;;
15/4/2013;VM 520;2,85;PMSG + HCG;Si;Femenino;No;;;
15/4/2013;VM 519;2,25;PMSG + HCG;Si;Femenino;No;;;
15/4/2013;VM 518;3,95;PMSG + HCG;Si;Femenino;No;;;
26/3/2013;VM 517;2,5; PMSG +LH + FSH;Si;Femenino;No;;;
26/3/2013;VM 516;1,7; PMSG +LH + FSH;Si;Femenino;No;;;
26/3/2013;VM 515;2,6;PMSG + HCG;Si;Femenino;No;;;
26/3/2013;VM 514;2,55;PMSG + HCG;Si;Femenino;No;;;
16/1/2013;VM 506;3,22;;Si;Femenino;Si;93,62;96,3795;4,49
16/1/2013;VM 505;3,7;;Si;Femenino;SI;;;5,8
16/1/2013;VM 504;3,1;;Si;Femenino;Si;86,02;89,4405;3,22
16/1/2013;VM 502;3,51;;Si;Femenino;Si;86,02;89,4405;1,43
16/1/2013;VM 501;2,99;;Si;Femenino;Si;82,22;85,971;5,69
16/1/2013;VM 500;3,56;;Si;Femenino;Si;86,02;89,4405;4,46
16/1/2013;VM 499;2,77;;Si;Femenino;Si;89,82;92,91;3,18
18/12/2012;VM 497;3,28;;Si;Femenino;Si;;;3,14
18/12/2012;VM 496;2,85;;Si;Femenino;Si;;;13,36
18/12/2012;VM 495;3,1;;Si;Femenino;No;;;0,051
18/12/2012;VM 494;3,5;;Si;Femenino;Si;28,64;37,05105;9,61
18/12/2012;VM 493;2,65;;Si;Femenino;No;;;0,03
12/10/2012;VM 485;2,45;OVX + E2;;Femenino;No;;;
12/10/2012;VM 484;2,63;OVX + E2;;Femenino;Si;;;
12/10/2012;VM 483;2,69;OVX;;Femenino;No;;;
12/10/2012;VM 482;2,35;OVX + E2;;Femenino;No;;;
12/10/2012;VM 481;3;OVX + Pg;Si;Femenino;No;;;
12/10/2012;VM 480;2,7;OVX +E2;Si;Femenino;No;;;
7/9/2012;VM 473;3,04;OVX + Pg;Si;Femenino;No;;;
7/9/2012;VM 472;2,85;Pg;Si;Femenino;No;;;
7/9/2012;VM 471;2,72;OVX Tratada con fisiológica;Si;Femenino;No;;;12,25
7/9/2012;VM 470;2,45;OVX Tratada con fisiológica;Si;Femenino;No;;;1,67
7/9/2012;VM 469;2,19;OVX + Pg;Si;Femenino;No;;;
29/8/2012;VM 464;2,7;;Si;Femenino;Si;;;1,48
22/8/2012;VM 463;3,1;;Si;Femenino;No;;;0,018
22/8/2012;VM 459;1,75;;Si;Femenino;No;;;0,083
22/8/2012;VM 458;2,95;;SI;Femenino;No;;;0,64
22/8/2012;VM 457;2,43;;Si;Femenino;No;;;0,49
22/8/2012;VM 456;0,15;;Si;Femenino;No;;;
22/8/2012;VM 455;3,15;TAM;Si;Femenino;No;;;
22/8/2012;VM 454;2,1;TAM;Si;Femenino;No;;;
22/8/2012;VM 453;4,1;;Si;Femenino;Si;131,62;131,0745;0,101
15/8/2012;VM 452;2,56;;Si;Femenino;Si;129,34;128,9928;0,218
15/8/2012;VM 450;3,45;;Si;Femenino;No;;;0,22
15/8/2012;VM 448;3,5;;Si;Femenino;Si;133,9;133,1562;0,669
8/8/2012;VM 445;3,26;;Si;Femenino;SI;121,74;122,0538;1,14
8/8/2012;VM 444;2,46;;Si;Femenino;Si;120,22;120,666;0,957
8/8/2012;VM 443;3,45;;Si;Femenino;Si;120,22;120,666;1,593
8/8/2012;VM 442;3,5;;Si;Femenino;Si;;;2,07
2/8/2012;VM 441;2,8;;Si;Femenino;Si;120,98;121,3599;0,698
2/8/2012;VM 440;2,6;;Si;Femenino;Si;115,66;112,3392;0,984
2/8/2012;VM 439;3,15;;Si;Femenino;Si;121,74;116,5026;1,74
27/7/2012;VM 438;;;No;Femenino;Si;107,3;106,788;
19/7/2012;VM 437;4;;;Femenino;Si;;;
19/7/2012;VM 436;2,9;;Si;Femenino;Si;;;3,61
19/7/2012;VM 435;2,9;;;Femenino;Si;95,14;97,7673;7,23
19/7/2012;VM 434;3,79;;Si;Femenino;Si;99,7;101,9307;9,25
19/7/2012;VM 433;2,68;;Si;Femenino;SI;;;4,39
12/7/2012;VM 432;3,75;;Si;Femenino;Si;114,14;115,1148;5,48
12/7/2012;VM 431;3,9;;Si;Femenino;SI;90,58;93,6039;2,51
12/7/2012;VM 430;3,83;;Si;Femenino;Si;98,18;100,5429;
12/7/2012;VM 429;3,15;;Si;Femenino;Si;101,98;104,0124;4,39
12/7/2012;VM 428;3,85;;Si;Femenino;Si;91,34;94,2978;4,6
12/7/2012;VM 427;3,25;;Si;Femenino;Si;92,1;94,9917;
13/6/2012;VM 426;1,4;;;Femenino;No;;;0,09
13/6/2012;VM 425;2,25;;;Femenino;No;;;5,81
13/6/2012;VM 424;2,72;;Si;Femenino;Si;63,98;69,3174;12,16
13/6/2012;VM 423;1,42;;Si;Femenino;No;;;21,59
13/6/2012;VM 422;2,75;;Si;Femenino;Si;;;
13/6/2012;VM 421;3,42;;;Femenino;Si;67,02;72,7869;3,3
13/6/2012;VM 420;3,75;;Si;Femenino;Si;68,54;73,4808;10,41
26/4/2012;VM 418;2,16;;Si;Femenino;Si;;;7,86
26/4/2012;VM 416;2,2;;Si;Femenino;Si;;;3,31
26/4/2012;VM 414;2,05;;Si;Femenino;No;;;3,81
19/4/2012;VM 411;2,3;;Si;Femenino;Si;;;
19/4/2012;VM 410 (bis);3;;;Femenino;Si;;;3,99
19/4/2012;VM 408 (bis);2,86;;;Femenino;Si;;;0,04
28/3/2012;VM 410;3;;Si;Femenino;No;;;
28/3/2012;VM 409;2,95;;Si;Femenino;No;;;0,11
28/3/2012;VM 408;1,7;;Si;Femenino;No;;;
28/3/2012;VM 407;2,68;;Si;Femenino;No;;;16,13
15/12/2011;VM 406;1,4;;Si;Femenino;No;;;
15/12/2011;VM 405;3,25;;Si;Femenino;No;;;0,38
15/12/2011;VM 404;2,87;;Si;Femenino;No;;;1,46
15/12/2011;VM 403;2,75;;Si;Femenino;No;;;
15/12/2011;VM 402;3;;SI;Femenino;No;;;
24/11/2011;VM 401;3,05;;Si;Femenino;No;;;
24/11/2011;VM 400;2,72;;Si;Femenino;No;;;
24/11/2011;VM 399;2,35;;Si;Femenino;No;;;1,46
24/11/2011;VM 398;2,6;;Si;Femenino;No;;;0,21
24/11/2011;VM 397;2,75;;Si;Femenino;No;;;5,98
24/11/2011;VM 396;2,76;;Si;Femenino;No;;;0,42
17/10/2011;VM 395;3,2;;Si;Femenino;No;;;11,86
17/10/2011;VM 394;3,15;;Si;Femenino;No;;;0,33
17/10/2011;VM 393;2,78;;Si;Femenino;No;;;0,06
17/10/2011;VM 392;3,35;;Si;Femenino;No;;;0,03
26/9/2011;VM 390;2,19;;Si;Femenino;No;;;0,348
26/9/2011;VM 389;3,16;;Si;Femenino;No;;;0,12
26/9/2011;VM 388;2,35;;Si;Femenino;No;;;0,25
26/9/2011;VM 387;3,1;;Si;Femenino;No;;;0,06
26/9/2011;VM 386;2,46;;Si;Femenino;No;;;0,19
26/9/2011;VM 385;2,62;;Si;Femenino;No;;;0,28
13/9/2011;VM 384;3,03;;Si;Femenino;No;;;
13/9/2011;VM 383;2,63;;Si;Femenino;No;;;0,19
13/9/2011;VM 382;2,44;;Si;Femenino;No;;;0,71
13/9/2011;VM 381;2,58;;Si;Femenino;No;;;0,19
18/7/2011;VM 379;3,5;;Si;Femenino;Si;89,06;92,2161;7,13
18/7/2011;VM 378;3,65;;Si;Femenino;Si;96,66;99,1551;6,42
18/7/2011;VM 377;2,88;;Si;Femenino;Si;82,98;86,6649;
18/7/2011;VM 376;2,86;;Si;Femenino;Si;100,46;102,6246;2,28
18/7/2011;VM 375;3,45;;Si;Femenino;Si;82,22;85,971;14,11
18/7/2011;VM 374;2,8;;Si;Femenino;Si;;;8,23
29/6/2011;VM 373;2,8;;Si;Femenino;No;;;11,72
29/6/2011;VM 372;2,12;;;Femenino;No;;;4,25
29/6/2011;VM 371;4,43;;;Femenino;No;;;5,64
29/6/2011;VM 370;3,84;;;Femenino;No;;;6,13
29/6/2011;VM 369;3,62;;;Femenino;No;;;16,79
29/6/2011;VM 368;3,67;;;Femenino;No;;;
29/6/2011;VM 367;3,45;;;Femenino;No;;;2,22
29/6/2011;VM 366;3,17;;;Femenino;Si;;;10,85
29/6/2011;VM 365;2,98;;;Femenino;Si;;;6,64
10/12/2010;VM 358;3,45;;Si;Femenino;Si;;;
3/12/2010;VM 357;3,06;;Si;Femenino;No;;;
3/12/2010;VM 356;3,1;;Si;Femenino;Si;35,1;42,9492;8,79
3/12/2010;VM 355;3,83;;Si;Femenino;No;;;0,43
25/11/2010;VM 354;3,1;;Si;Femenino;Si;;;2,03
25/11/2010;VM 353;3,05;;Si;Femenino;Si;47,108;53,91282;15,85
10/11/2010;VM 351;3,55;;Si;Femenino;Si;;;
10/11/2010;VM 350;2,9;;S;Femenino;Si;;;0,9
10/11/2010;VM 349;3,12;;Si;Femenino;Si;;;7,15
13/9/2010;VM 347;2,7;;Si;Femenino;No;;;
23/8/2010;VM 345;2,56;;Si;Femenino;No;;;
23/8/2010;VM 344;4,15;;Si;Femenino;No;;;
11/9/2010;VM 343;2,4;;Si;Femenino;Si;134,66;133,8501;9,56
11/9/2010;VM 342;3,1;;Si;Femenino;Si;82,22;85,971;1,58
4/8/2010;VM 341;3,63;;;Femenino;Si;;;1,82
4/8/2010;VM 340;2,77;;Si;Femenino;Si;120,22;120,666;0,86
18/7/2010;VM 339;3,3;;No;Femenino;Si;108,06;109,5636;
18/7/2010;VM 338;3,55;;No;Femenino;Si;95,14;97,7673;
8/7/2010;VM 336;2,8;;Si;Femenino;Si;87,54;90,8283;13,49
8/7/2010;VM 335;2,75;;Si;Femenino;Si;65,5;70,7052;12,23
1/7/2010;VM 334;3,4;;Si;Femenino;Si;90,58;93,6039;13,65
1/7/2010;VM 333;3,65;;Si;Femenino;Si;;;6,86
1/7/2010;VM 332;3,6;;Si;Femenino;Si;91,34;94,2978;11,81
1/7/2010;VM 331;2,25;;Si;Femenino;No;;;
24/6/2010;VM 330;3,75;;Si;Femenino;Si;;;
24/6/2010;VM 329;2,45;;Si;Femenino;Si;;;18,47
19/6/2010;VM 327;3,15;;Si;Femenino;Si;69,3;74,1747;8,56
19/6/2010;VM 326;2,95;;Si;Femenino;Si;;;19,95
10/6/2010;VM 325;;;Si;Femenino;Si;;;4,95
10/6/2010;VM 324;3,55;;Si;Femenino;Si;54,1;60,2967;31,86
9/6/2010;VM 323;2,74;;Si;Femenino;Si;67,02;72,093;
9/6/2010;VM 322;2,65;;Si;Femenino;Si;;;
28/5/2010;VM 321;2,87;;Si;Femenino;Si;;;
28/5/2010;VM 320;2,97;;Si;Femenino;Si;;;
28/5/2010;VM 319;3,25;;SI;Femenino;Si;;;
28/5/2010;VM 318;3,7;;Si;Femenino;Si;;;
17/5/2010;VM 317;2,25;;Si;Femenino;Si;;;
17/5/2010;VM 316;3,35;;Si;Femenino;Si;;;
12/5/2010;VM 315;3,3;;Si;Femenino;Si;;;
12/5/2010;VM 314;2,15;;Si;Femenino;Si;;;
12/5/2010;VM 313;2,35;;Si;Femenino;Si;;;
6/5/2010;VM 312;2,55;;Si;Femenino;Si;70,82;75,5625;
6/5/2010;VM 311;3;;Si;Femenino;Si;51,06;57,5211;
6/5/2010;VM 310;2,4;;Si;Femenino;Si;;;
5/5/2010;VM 309;2,65;;Si;Femenino;SI;63,22;68,6235;
5/5/2010;VM 308;3,05;;Si;Femenino;Si;78,42;82,5015;
29/4/2010;VM 307;2,65;;Si;Femenino;Si;78,42;82,5015;
29/4/2010;VM 306;3,2;;Si;Femenino;Si;;;
29/4/2010;VM 305;2,85;;Si;Femenino;Si;;;
27/4/2010;VM 304;2,4;;Si;Femenino;Si;49,54;56,1333;8,58
27/4/2010;VM 303;2,8;;Si;Femenino;Si;86,02;89,4405;7,69
22/4/2010;VM 302;3,6;;Si;Femenino;Si;;;
22/4/2010;VM 301;2,75;;Si;Femenino;No;;;
21/4/2010;VM 300;2,5;;Si;Femenino;Si;;;22,67
21/4/2010;VM 299;3,1;;Si;Femenino;Si;;;
15/4/2010;VM 298;2,6;;Si;Femenino;Si;;;10,53
15/4/2010;VM 297;2,95;;Si;Femenino;Si;;;16,33
15/4/2010;VM 296;2,14;;Si;Femenino;Si;;;11,74
12/4/2010;VM 291;3,25;;Si;Femenino;No;;;0,23
31/3/2010;VM 289;3,15;;Si;Femenino;No;;;
25/3/2010;VM 286;3,66;;Si;Femenino;No;;;
12/2/2010;VM 267;3,47;;Si;Femenino;No;;;
14/9/2009;VM 259;2,75;;Si;Femenino;No;;;0,25
14/9/2009;VM 258;3,3;;Si;Femenino;Si;;;10,03
14/9/2009;VM 257;3,85;;Si;Femenino;No;;;0,36
7/9/2009;VM 256;2,57;;Si;Femenino;No;;;
17/7/2009;VM 253;3,4;;Si;Femenino;Si;105,02;106,788;15,29
17/7/2009;VM 252;3,47;;Si;Femenino;Si;62,46;67,9296;53,38
2/7/2009;VM 251;3,2;;Si;Femenino;Si;77,66;81,8076;
2/7/2009;VM 250;3,95;;Si;Femenino;Si;82,98;86,6649;
25/6/2009;VM 249;3,5;;Si;Femenino;Si;72,34;76,9503;
16/6/2009;VM 245;3,25;;Si;Femenino;Si;;;
12/6/2009;VM 244;3,4;;;Femenino;Si;55,62;61,6845;
10/6/2009;VM 243;3,15;;;Femenino;Si;70,82;75,5625;17,18
10/6/2009;VM 242;3,15;;;Femenino;Si;;;42,66
10/6/2009;VM 241;2,3;;;Femenino;Si;44,98;51,9699;45,81
3/6/2009;VM 240;2,5;;;Femenino;No;;;0,17
3/6/2009;VM 239;4,1;;;Femenino;Si;60,94;66,5418;45,2
29/5/2009;VM 238;4,3;;;Femenino;Si;;;
29/5/2009;VM 237;2,55;;;Femenino;No;;;
22/5/2009;VM 236;3,1;;;Femenino;Si;;;
22/5/2009;VM 235;3,95;;;Femenino;Si;;;
22/5/2009;VM 234;2,77;;;Femenino;Si;44,22;51,276;39,86
20/5/2009;VM 233;2,75;;;Femenino;Si;;;
20/5/2009;VM 232;2,27;;;Femenino;Si;30,54;38,7858;
15/5/2009;VM 231;3,65;;;Femenino;No;;;
15/5/2009;VM 230;2,38;;;Femenino;Si;;;
15/5/2009;VM 229;3,25;;;Femenino;No;;;
12/5/2009;VM 228;2;;Si;Femenino;Si;;;
11/5/2009;VM 227;3;;Si;Femenino;Si;;;
11/5/2009;VM 226;3,18;;Si;Femenino;No;;;
8/5/2009;VM 225;3,1;;Si;Femenino;Si;120,22;120,666;
8/5/2009;VM 224;3,25;;Si;Femenino;No;;;
7/5/2009;VM 223;3,35;;Si;Femenino;SI;;;
6/5/2009;VM 222;3,5;;Si;Femenino;No;;;2,57
5/5/2009;VM 221;3,4;;Si;Femenino;No;;;0,08
4/5/2009;VM 220;2,55;;Si;Femenino;Si;;;
4/5/2009;VM 219;2,7;;Si;Femenino;Si;;;
29/4/2009;VM 218;3,35;;Si;Femenino;Si;;;1,93
29/4/2009;VM 217;1,7;;Si;Femenino;No;;;5,42
28/4/2009;VM 216;1,87;;Si;Femenino;Si;;;1,24
28/4/2009;VM 215;2,3;;Si;Femenino;Si;;;3,3
22/4/2009;VM 214;3,3;;Si;Femenino;Si;;;3,99
22/4/2009;VM 213;3,63;;Si;Femenino;Si;29,78;39,13275;5,78
16/4/2009;VM 212;3,25;;Si;Femenino;Si;;;4,83
15/4/2009;VM 211;3,45;;;Femenino;Si;;;3,07
14/4/2009;VM 210;1,85;;;Femenino;Si;29,02;37,398;2,77
13/4/2009;VM 209;3,36;;Si;Femenino;No;;;
9/4/2009;VM 208;2,45;;Si;Femenino;No;;;
8/4/2009;VM 207;2,8;;Si;Femenino;No;;;1,58
7/4/2009;VM 205;3,3;;SI;Femenino;No;;;
6/4/2009;VM 204;3,03;;;Femenino;Si;;;2,29
3/4/2009;VM 202;3;;Si;Femenino;Si;;;
1/4/2009;VM 201;3,15;;Si;Femenino;No;;;1,88
31/3/2009;VM 200;3,3;;Si;Femenino;Si;;;11,1
31/3/2009;VM 199;2,9;;;Femenino;No;;;2,07
27/3/2009;VM 198;2,3;;Si;Femenino;No;;;
27/3/2009;VM 197;3,15;;Si;Femenino;No;;;4,48
25/3/2009;VM 196;2,15;;Si;Femenino;No;;;
24/3/2009;VM 195;3,18;;Si;Femenino;No;;;4,7
20/3/2009;VM 193;3,13;;Si;Femenino;No;;;1,13
19/3/2009;VM 192;3,4;;Si;Femenino;No;;;
18/3/2009;VM 191;2,1;;S;Femenino;Si;;;
17/3/2009;VM 190;2,7;;Si;Femenino;No;;;
17/3/2009;VM 189;3,2;;Si;Femenino;No;;;
16/3/2009;VM 188;3,03;;Si;Femenino;No;;;
12/3/2009;VM 187;3,58;;Si;Femenino;No;;;
11/3/2009;VM 186;2,15;;Si;Femenino;No;;;
10/3/2009;VM 184;4,2;;Si;Femenino;No;;;0,09
9/3/2009;VM 183;3,95;;Si;Femenino;No;;;
6/3/2009;VM 181;2,8;;Si;Femenino;No;;;
5/3/2009;VM 180;3,1;;Si;Femenino;No;;;0,38
4/3/2009;VM 179;3,15;;Si;Femenino;No;;;
3/3/2009;VM 178;2,8;;Si;Femenino;No;;;1,51
3/3/2009;VM 176;3,15;;Si;Femenino;No;;;0,39
27/2/2009;VM 175;3,04;;Si;Femenino;No;;;
27/2/2009;VM 174;3,78;;Si;Femenino;No;;;
26/2/2009;VM 173;2,55;;Si;Femenino;No;;;
25/2/2009;VM 172;3,55;;;Femenino;No;;;
25/2/2009;VM 171;3,1;;;Femenino;No;;;
24/2/2009;VM 170;3,18;;Si;Femenino;No;;;
20/2/2009;VM 169;2,73;;Si;Femenino;No;;;
19/2/2009;VM 168;2,95;;Si;Femenino;No;;;
19/2/2009;VM 167;2,37;;Si;Femenino;No;;;
17/2/2009;VM 166;2,68;;Si;Femenino;No;;;
17/2/2009;VM 165;3,86;;Si;Femenino;No;;;
3/2/2009;VM 164;2,55;;Si;Femenino;No;;;
12/1/2009;VM 163;3,77;;SI;Femenino;No;;;
17/12/2008;VM 161;1,8;;Si;Femenino;Si;;;
16/12/2008;VM 160;2,95;;Si;Femenino;No;;;
8/12/2008;VM 159;3,25;;;Femenino;No;;;
4/12/2008;VM 158;2,2;;Si;Femenino;No;;;
26/11/2008;VM 157;3,75;;Si;Femenino;No;;;
20/11/2008;VM 156;2,5;;;Femenino;No;;;
20/11/2008;VM 155;3,3;;Si;Femenino;Si;;;
19/11/2008;VM 154;3;;;Femenino;Si;;;
18/11/2008;VM 153;3,83;;Si;Femenino;Si;;;8
13/11/2008;VM 152;3,36;;Si;Femenino;No;;;
11/11/2008;VM 151;3,15;;Si;Femenino;Si;;;3,4
10/11/2008;VM 150;2,8;;;Femenino;SI;;;20
7/11/2008;VM 149;2,75;;No;Femenino;Si;;;
7/11/2008;VM 148;3,8;;No;Femenino;Si;;;
27/10/2008;VM 147;3,05;;Si;Femenino;No;;;17,4
23/10/2008;VM 145;3,4;;Si;Femenino;No;;;
23/10/2008;VM 144;3,27;;Si;Femenino;No;;;0,82
20/10/2008;VM 143;3,43;Pg 2 d;Si;Femenino;No;;;
26/9/2008;VM 133;2,59;;Si;Femenino;No;;;0,46
29/9/2008;VM 126;2,8;;Si;Femenino;No;;;0,66
29/9/2008;VM 125;3,25;;Si;Femenino;No;;;0,73
11/8/2008;VM 109;3,65;;Si;Femenino;Si;139,828;138,56862;8,4
11/8/2008;VM 108;2,82;;Si;Femenino;No;;;1,6
7/8/2008;VM 105;2,88;;Si;Femenino;Si;124,932;124,96818;13,6
4/8/2008;VM 104;3,3;;;Femenino;No;;;
4/8/2008;VM 103;3,8;;Si;Femenino;Si;;;7,5
31/7/2008;VM 102;3,9;;Si;Femenino;Si;133,596;132,87864;11,9
28/7/2008;VM 101;3,4;;Si;Femenino;Si;119,84;120,31905;16,9
28/7/2008;VM 100;3,01;;Si;Femenino;Si;116,42;117,61284;13
24/7/2008;VM 99;3,1;;Si;Femenino;Si;112,164;113,31066;32,7
24/7/2008;VM 98;3,05;;Si;Femenino;Si;112,392;113,51883;12,3
22/7/2008;VM 97;3,25;;Si;Femenino;Si;91,188;94,15902;12,1
21/7/2008;VM 96;3,53;;Si;Femenino;Si;112,62;113,727;21,6
21/7/2008;VM 95;3,85;;Si;Femenino;Si;115,584;116,43321;19,4
18/7/2008;VM 94;3,9;;Si;Femenino;Si;106,54;108,1758;8,09
17/7/2008;VM 93;2,75;;Si;Femenino;Si;96,66;98,4612;12,9
17/7/2008;VM 92;3,45;;Si;Femenino;Si;110,264;111,57591;15,5
15/7/2008;VM 91;2,8;;Si;Femenino;Si;99,852;102,06948;20,8
11/7/2008;VM 90;3,28;;Si;Femenino;Si;105,78;107,4819;11,7
10/7/2008;VM 89;3,9;;Si;Femenino;Si;105,172;106,92678;45,6
10/7/2008;VM 88;3,69;;Si;Femenino;Si;87,16;90,48135;8,5
1/7/2008;VM 87;3,82;;Si;Femenino;Si;91,644;94,57536;16,1
26/6/2008;VM 86;3,04;;Si;Femenino;Si;44,524;51,55356;3
23/6/2008;VM 85;3,89;;Si;Femenino;Si;77,128;81,32187;26,3
23/6/2008;VM 84;2,28;;Si;Femenino;Si;75,836;80,14224;8,2
19/6/2008;VM 83;2,3;;Si;Femenino;Si;60,028;65,70912;17,9
17/6/2008;VM 82;3,3;;Si;Femenino;Si;71,884;76,53396;16,1
17/6/2008;VM 81;3,3;;Si;Femenino;Si;76,596;80,83614;27,4
9/6/2008;VM 80;2,78;;Si;Femenino;Si;52,58;63,7662;20,3
9/6/2008;VM 79;2,75;;Si;Femenino;No;;;
4/6/2008;VM 78;1,95;;Si;Femenino;No;;;
28/5/2008;VM 77;3,15;;Si;Femenino;Si;48,78;55,4394;23,1
25/5/2008;VM 76;2,9;;SI;Femenino;Si;36,62;44,337;4,6
22/5/2008;VM 75;3,07;;Si;Femenino;Si;36,62;44,337;14,9
19/5/2008;VM 74;3,34;;Si;Femenino;Si;41,18;48,5004;29,4
19/5/2008;VM 73;2,45;;Si;Femenino;No;;;
19/5/2008;VM 72;3,84;;Si;Femenino;Si;41,94;48,5004;27,2
16/5/2008;VM 71;2,9;;Si;Femenino;Si;;;3,5
16/5/2008;VM 70;3,1;;Si;Femenino;Si;;;20,4
13/5/2008;VM 69;3,25;;SI;Femenino;Si;41,94;49,1943;12,2
13/5/2008;VM 68;2,88;;Si;Femenino;Si;38,9;46,4187;3,9
9/5/2008;VM 67;2,7;;Si;Femenino;Si;;;11,9
9/5/2008;VM 66;3;;Si;Femenino;No;;;
9/5/2008;VM 65;2,95;;Si;Femenino;Si;38,9;46,4187;14,3
5/5/2008;VM 64;2,77;;Si;Femenino;Si;;;18,1
5/5/2008;VM 63;2,9;;Si;Femenino;Si;;;79,6
5/5/2008;VM 62;2;;;Femenino;Si;34,568;42,46347;6,1
5/5/2008;VM 61;3,3;;;Femenino;Si;35,556;43,36554;12,8
29/4/2009;VM 60;2,85;;;Femenino;Si;36,468;44,19822;7
29/4/2009;VM 59;2,25;;Si;Femenino;No;;;14,6
29/4/2009;VM 58;2,5;;Si;Femenino;Si;;;5,6
25/4/2008;VM 56;2,5;;Si;Femenino;Si;33,58;41,5614;6,6
25/4/2008;VM 55;2,75;;Si;Femenino;Si;32,82;40,8675;9
25/4/2008;VM 54;3,63;;Si;Femenino;Si;33,58;41,5614;16,7
24/4/2008;VM 53;2,08;;Si;Femenino;Si;30,996;39,20214;7,8
23/4/2008;VM 52;3,53;;Si;Femenino;Si;34,036;41,97774;4,5
18/4/2008;VM 50;3;;Si;Femenino;Si;31,3;39,4797;8,7
18/4/2008;VM 49;3,28;;Si;Femenino;Si;32,06;40,1736;9,4
18/4/2008;VM 48;3,75;;Si;Femenino;Si;97,572;99,98778;4,6
17/4/2008;VM 47;3;;No;Femenino;Si;32,06;40,1736;
17/4/2008;VM 46;3,1;;Si;Femenino;No;;;1,9
15/4/2008;VM 45;3,15;;Si;Femenino;Si;;;
14/4/2008;VM 43;2,45;;Si;Femenino;Si;;;8,8
14/4/2008;VM 42;3,45;;;Femenino;Si;;;
11/4/2008;VM 40;3,7;;Si;Femenino;Si;;;2,9
11/4/2008;VM 39;3,1;;Si;Femenino;Si;32,82;40,8675;5,9
23/10/2007;V 207;2,92;;;Femenino;No;;;
23/10/2007;V 206;2,8;;;Femenino;No;;;
18/10/2007;V 205;3,19;;;Femenino;No;;;
18/10/2007;V 204;3,07;;;Femenino;No;;;
11/10/2007;V 203;3,34;;;Femenino;No;;;
11/10/2007;V 202;2,84;;;Femenino;No;;;
27/9/2007;V 201;2,56;;;Femenino;No;;;
27/9/2007;V 200;2,44;;;Femenino;No;;;
6/8/2007;V 199;3,41;;;Femenino;No;;;
6/8/2007;V 198;1,83;;;Femenino;No;;;
31/7/2007;V 195;2,58;;;Femenino;Si;;;
31/7/2007;V 194;2,06;;;Femenino;Si;;;
31/7/2007;V 193;3,58;;;Femenino;Si;116,42;117,1965;
31/7/2007;V 192;2,91;;;Femenino;No;;;
24/7/2007;V 191;3,47;;;Femenino;Si;117,18;117,8904;
24/7/2007;V 190;3,6;;;Femenino;Si;;;
24/7/2007;V 189;3,1;;;Femenino;Si;105,02;106,788;
24/7/2007;V 188;3,35;;;Femenino;Si;120,22;120,666;
17/7/2007;V 187;2,27;;;Femenino;Si;95,14;97,7673;
17/7/2007;V 186;3,08;;;Femenino;Si;105,02;106,788;
17/7/2007;V 185;2,76;;;Femenino;No;;;
17/7/2007;V 184;3,11;;;Femenino;Si;105,78;107,4819;
4/7/2007;V 180;;;;Femenino;Si;41,94;49,1943;
26/6/2007;V 179;3,64;;;Femenino;Si;82,22;85,971;
26/6/2007;V 178;2,73;;;Femenino;No;;;
26/6/2007;V 177;2,49;;;Femenino;Si;76,14;80,4198;
26/6/2007;V 176;2,27;;;Femenino;Si;74,62;79,032;
19/6/2007;V 175;2,65;;;Femenino;Si;61,7;67,2357;
19/6/2007;V 174;2,99;;;Femenino;Si;66,26;71,3991;
19/6/2007;V 173;2,75;;;Femenino;Si;;;
14/6/2007;V 172;3;;;Femenino;Si;;;
14/6/2007;V 171;3,25;;;Femenino;Si;54,1;60,2967;
14/6/2007;V 170;2,45;;;Femenino;Si;;;
14/6/2007;V 169;2,6;;;Femenino;Si;63,98;69,3174;
5/6/2007;V 168;3,08;;;Femenino;Si;44,22;51,276;
5/6/2007;V 167;2,72;;;Femenino;No;;;
5/6/2007;V 166;2,78;;;Femenino;Si;59,42;65,154;
29/5/2007;V 165;2;;;Femenino;Si;;;
29/5/2007;V 164;2,49;;;Femenino;Si;41,94;49,1943;
24/5/2007;V 163;;;;Femenino;Si;32,82;40,8675;
24/5/2007;V 162;2;;;Femenino;No;;;
24/5/2007;V 161;;PMSG 150 ul;;Femenino;Si;;;
15/5/2007;V 160;3,15;;;Femenino;Si;30,54;38,7858;
15/5/2007;V 159;3,06;;;Femenino;Si;29,02;37,398;
15/5/2007;V 158;1,66;PMSG 150 ul;;Femenino;No;;;
15/5/2007;V 157;2,19;PMSG 150 ul;;Femenino;Si;31,3;39,4797;
8/5/2007;V 156;2,57;;;Femenino;Si;;;
8/5/2007;V 155;3,67;;;Femenino;No;;;
8/5/2007;V 154;2,34;PMSG 150 ul;;Femenino;Si;;;
24/4/2007;V 153;2,46;;;Femenino;No;;;
24/4/2007;V 152;2,28;;;Femenino;No;;;
24/4/2007;V 151;2,4;PMSG 150 ul;;Femenino;Si;;;
17/4/2007;V 150;2,94;;;Femenino;Si;;;
17/4/2007;V 149;3,02;;;Femenino;Si;;;
17/4/2007;V 148;2,79;PMSG 100 ul;;Femenino;Si;;;
10/4/2007;V 146;3,29;;;Femenino;Si;;;
3/4/2007;V 145;2,75;;;Femenino;No;;;
3/4/2007;V 144;2,37;;;Femenino;No;;;
3/4/2007;V 143;3,44;;;Femenino;Si;;;
27/3/2007;V 141;3,13;;;Femenino;Si;;;
13/2/2007;V 142;1,84;;;Femenino;No;;;
13/2/2007;V 140;1,83;;;Femenino;No;;;
13/2/2007;V 139;3,14;;;Femenino;No;;;
13/2/2007;V 138;3,41;;;Femenino;No;;;
13/2/2007;V 137;3,27;Colchicina;;Femenino;No;;;
6/2/2007;V 136;3,18;;;Femenino;No;;;
6/2/2007;V 135;3,5;;;Femenino;Si;120,22;120,666;
31/1/2007;V 134;3,5;;;Femenino;No;;;
16/1/2007;V 133;2,92;;;Femenino;Si;97,42;101,2368;
9/1/2007;V 132;3,5;;;Femenino;Si;112,62;113,727;
11/12/2006;V 131;2,57;;;Femenino;No;;;
11/12/2006;V 130;3,42;;;Femenino;No;;;
28/11/2006;V 129;2,64;;;Femenino;No;;;
28/11/2006;V 128;3,32;;;Femenino;Si;;;
21/11/2006;V 127;2,5;;;Femenino;Si;39,66;47,1126;
21/11/2006;V 126;2;;;Femenino;No;;;
31/10/2006;V 125;2,12;;;Femenino;No;;;
31/10/2006;V 124;2,39;;;Femenino;No;;;
24/10/2006;V 123;3,23;;;Femenino;Si;;;
24/10/2006;V 122;2,38;;;Femenino;No;;;
20/10/2006;V 120;3,82;;;Femenino;No;;;
20/10/2006;V 119;3,5;;;Femenino;Si;;;
3/9/2006;V 115;3,33;;;Femenino;No;;;
3/9/2006;V 114;3,85;;;Femenino;No;;;
3/9/2006;V 113;3,5;;;Femenino;No;;;
3/9/2006;V 112;3,61;;;Femenino;No;;;
18/8/2006;V 109;2,53;;;Femenino;No;;;
18/8/2006;V 108;3,29;;;Femenino;No;;;
18/8/2006;V 107;3,44;;;Femenino;No;;;
18/8/2006;V 106;3,14;;;Femenino;No;;;
3/8/2006;V 105;3,58;;;Femenino;Si;124,02;124,1355;
3/8/2006;V 104;4;;;Femenino;Si;123,26;123,4416;
3/8/2006;V 103;4;;;Femenino;Si;126,3;126,9111;
3/8/2006;V 102;2,68;;;Femenino;Si;;;
28/7/2006;V 99;2,99;;;Femenino;Si;21,42;30,459;39
28/7/2006;V 98;3,39;;;Femenino;Si;112,62;113,727;
28/7/2006;V 101;2,62;;;Femenino;Si;114,9;115,8087;
28/7/2006;V 100;3,21;;;Femenino;Si;105,02;106,788;
20/7/2006;V 97;4;;;Femenino;Si;114,14;115,1148;22,9
20/7/2006;V 96;3,79;;;Femenino;Si;116,42;117,1965;22,2
20/7/2006;V 95;3,51;;;Femenino;Si;113,38;114,4209;19,4
20/7/2006;V 94;3,76;;;Femenino;Si;101,22;103,3185;15,8
14/7/2006;V 97 (bis);1,58;;;Femenino;No;;;
14/7/2006;V 96 (bis);3,35;;;Femenino;Si;105,78;107,4819;
14/7/2006;V 95 (bis);2,95;;;Femenino;Si;99,7;101,9307;
14/7/2006;V 94 (bis);3,84;;;Femenino;Si;97,42;99,849;
23/6/2006;V 89;1,09;;;Femenino;No;;;
23/6/2006;V 88;1,49;;;Femenino;No;;;
23/6/2006;V 87;3,06;;;Femenino;Si;77,66;82,5015;52,3
23/6/2006;V 86;2,93;;;Femenino;Si;84,5;88,0527;24,2
23/6/2006;V 85;2,86;;;Femenino;Si;77,66;83,1954;21,9
23/6/2006;V 84;3,7;;;Femenino;Si;73,1;77,6442;51,9
15/6/2006;V 83;3,6;;;Femenino;Si;63,98;69,3174;21,9
15/6/2006;V 81;3,89;;;Femenino;Si;70,06;74,8686;42,1
15/6/2006;V 80;2,79;;;Femenino;No;;;
8/6/2006;V 79;3,63;;;Femenino;Si;62,46;67,9296;51,9
8/6/2006;V 78;3,46;;;Femenino;Si;59,42;65,154;49,9
8/6/2006;V 77;3,79;;;Femenino;Si;67,02;72,093;39,2
8/6/2006;V 76;3,48;;;Femenino;Si;66,26;71,3991;22,9
2/6/2006;V 75;2,77;;;Femenino;Si;51,82;58,215;41,9
2/6/2006;V 74;3,2;;;Femenino;Si;89,06;63,0723;51,9
2/6/2006;V 73;2,97;;;Femenino;Si;60,18;65,8479;31,5
2/6/2006;V 72;3,57;;;Femenino;Si;60,18;65,8479;44,6
26/5/2006;V 71;3,35;;;Femenino;Si;52,58;58,9089;55,9
26/5/2006;V 70;2,57;;;Femenino;Si;46,5;53,3577;30,9
26/5/2006;V 69;3,33;;;Femenino;Si;41,18;48,5004;29,9
26/5/2006;V 68;3,54;;;Femenino;Si;46,5;53,3577;18,9
